{"DataParallel/learning_rate":1.0000000000000002e-06,"_step":4005,"ViT/batch_class_distribution":{"15":1,"13":2,"19":2,"1":1,"5":3,"3":2,"18":3,"0":1,"17":3,"7":1,"11":1,"2":2,"8":2,"4":4,"9":1,"6":1,"16":2,"14":3,"20":1,"12":1,"10":1},"_wandb":{"runtime":6292},"_runtime":6271.568858793,"ViT/epoch_val_accuracy":0.9546708348657595,"ViT/epoch_train_loss":0.03547444575018723,"ViT/classification_report":"                                      precision    recall  f1-score   support\n\n                          Apple_scab       0.97      0.46      0.62       126\n                      Bacterial_spot       0.94      0.99      0.96      1086\n                           Black_rot       0.87      0.96      0.91       361\n                    Cedar_apple_rust       0.95      0.64      0.76        55\n Cercospora_leaf_spot Gray_leaf_spot       0.82      0.94      0.87       103\n                         Common_rust       0.99      0.98      0.99       239\n                        Early_blight       0.88      0.97      0.93       400\n                Esca_(Black_Measles)       0.96      0.99      0.97       277\n     Haunglongbing_(Citrus_greening)       0.99      0.99      0.99      1102\n                         Late_blight       0.94      0.97      0.96       582\n                           Leaf_Mold       0.99      0.44      0.61       191\n  Leaf_blight_(Isariopsis_Leaf_Spot)       1.00      0.75      0.86       216\n                         Leaf_scorch       1.00      0.74      0.85       222\n                Northern_Leaf_Blight       0.96      0.87      0.91       197\n                      Powdery_mildew       0.91      0.99      0.95       578\n                  Septoria_leaf_spot       0.88      0.98      0.93       355\nSpider_mites Two-spotted_spider_mite       0.88      0.97      0.92       336\n                         Target_Spot       0.92      0.96      0.94       281\n       Tomato_Yellow_Leaf_Curl_Virus       0.98      0.99      0.99      1072\n                 Tomato_mosaic_virus       0.92      0.60      0.73        75\n                             healthy       0.98      0.99      0.99      3022\n\n                            accuracy                           0.95     10876\n                           macro avg       0.94      0.87      0.89     10876\n                        weighted avg       0.95      0.95      0.95     10876\n","ViT/epoch_train_accuracy":0.9875198600013815,"ViT/training_validation_metrics":{"_type":"image-file","sha256":"95020c5d19eb8d43343e0c79915a4915ce25372bbd64b85139b5e618f31ab8d3","size":617489,"path":"media/images/ViT/training_validation_metrics_4003_95020c5d19eb8d43343e.png","format":"png","width":7180,"height":2832},"ViT/train_loss":0.024179916828870773,"ViT/confusion_matrix":{"sha256":"a1254921d4a5ed863e0a466648ef18281424201c5e48a17a66d2c642771a4f97","size":1972385,"path":"media/images/ViT/confusion_matrix_4005_a1254921d4a5ed863e0a.png","format":"png","width":6855,"height":5831,"_type":"image-file"},"ViT/batch_train_accuracy":1,"ViT/epoch_val_loss":0.16282366667213943,"total_training_time_minutes":103.8026354432106,"_timestamp":1.7295376657707212e+09}