{
    "Apple_scab": {
        "precision": 0.0,
        "recall": 0.0,
        "f1-score": 0.0,
        "support": 126
    },
    "Bacterial_spot": {
        "precision": 0.2748091603053435,
        "recall": 0.26519337016574585,
        "f1-score": 0.2699156513589503,
        "support": 1086
    },
    "Black_rot": {
        "precision": 0.14419225634178906,
        "recall": 0.5983379501385041,
        "f1-score": 0.23238300161377085,
        "support": 361
    },
    "Cedar_apple_rust": {
        "precision": 0.0,
        "recall": 0.0,
        "f1-score": 0.0,
        "support": 55
    },
    "Cercospora_leaf_spot Gray_leaf_spot": {
        "precision": 0.08333333333333333,
        "recall": 0.009708737864077669,
        "f1-score": 0.017391304347826087,
        "support": 103
    },
    "Common_rust": {
        "precision": 0.7547169811320755,
        "recall": 0.16736401673640167,
        "f1-score": 0.273972602739726,
        "support": 239
    },
    "Early_blight": {
        "precision": 0.08305647840531562,
        "recall": 0.1875,
        "f1-score": 0.11511895625479664,
        "support": 400
    },
    "Esca_(Black_Measles)": {
        "precision": 0.6787709497206704,
        "recall": 0.8772563176895307,
        "f1-score": 0.7653543307086614,
        "support": 277
    },
    "Haunglongbing_(Citrus_greening)": {
        "precision": 0.8890995260663507,
        "recall": 0.8511796733212341,
        "f1-score": 0.8697264719517849,
        "support": 1102
    },
    "Late_blight": {
        "precision": 0.0392156862745098,
        "recall": 0.003436426116838488,
        "f1-score": 0.006319115323854659,
        "support": 582
    },
    "Leaf_Mold": {
        "precision": 0.0,
        "recall": 0.0,
        "f1-score": 0.0,
        "support": 191
    },
    "Leaf_blight_(Isariopsis_Leaf_Spot)": {
        "precision": 0.0,
        "recall": 0.0,
        "f1-score": 0.0,
        "support": 216
    },
    "Leaf_scorch": {
        "precision": 0.0,
        "recall": 0.0,
        "f1-score": 0.0,
        "support": 222
    },
    "Northern_Leaf_Blight": {
        "precision": 0.0,
        "recall": 0.0,
        "f1-score": 0.0,
        "support": 197
    },
    "Powdery_mildew": {
        "precision": 0.29951397326852974,
        "recall": 0.8529411764705882,
        "f1-score": 0.44334532374100716,
        "support": 578
    },
    "Septoria_leaf_spot": {
        "precision": 0.05555555555555555,
        "recall": 0.14647887323943662,
        "f1-score": 0.08055770720371803,
        "support": 355
    },
    "Spider_mites Two-spotted_spider_mite": {
        "precision": 0.21597892888498682,
        "recall": 0.7321428571428571,
        "f1-score": 0.3335593220338983,
        "support": 336
    },
    "Target_Spot": {
        "precision": 0.23837209302325582,
        "recall": 0.2918149466192171,
        "f1-score": 0.26239999999999997,
        "support": 281
    },
    "Tomato_Yellow_Leaf_Curl_Virus": {
        "precision": 0.4351663272233537,
        "recall": 0.5979477611940298,
        "f1-score": 0.5037328094302553,
        "support": 1072
    },
    "Tomato_mosaic_virus": {
        "precision": 0.0,
        "recall": 0.0,
        "f1-score": 0.0,
        "support": 75
    },
    "healthy": {
        "precision": 0.1111111111111111,
        "recall": 0.00033090668431502316,
        "f1-score": 0.0006598482349059716,
        "support": 3022
    },
    "accuracy": 0.30507539536594336,
    "macro avg": {
        "precision": 0.20489963622124668,
        "recall": 0.26579204825632274,
        "f1-score": 0.198782687854436,
        "support": 10876
    },
    "weighted avg": {
        "precision": 0.2664563307837495,
        "recall": 0.30507539536594336,
        "f1-score": 0.246148767482228,
        "support": 10876
    }
}