model,optimizer,best_epoch,best_valid_loss,best_valid_acc,total_training_time
BaselineModel,Adam,3,0.7804801629619165,78.32916002731618,139.66528868675232
ConvNetPlus,SGD,19,0.5232167935913259,85.27202367402687,548.7273988723755
TinyVGG,RMSprop,3,0.6328287425908176,81.80059185067152,546.3996162414551
EfficientNetV2,Adam,12,0.009856884084911867,99.80651035738674,3422.348368883133
