model,optimizer,best_epoch,best_valid_loss,best_valid_acc,total_training_time
BaselineModel,Adam,3,0.8635690960017117,74.10070532915361,73.05625891685486
ConvNetPlus,SGD,9,0.9310565775090998,76.42437304075236,180.14458203315735
TinyVGG,RMSprop,4,0.7423326757821169,82.32758620689656,378.48722767829895
