model,optimizer,best_epoch,best_valid_loss,best_valid_acc,total_training_time
BaselineModel,Adam,3,0.8885041599923914,73.30677290836654,116.55727815628052
ConvNetPlus,SGD,9,1.0112863984974947,75.75412635173592,175.93055939674377
TinyVGG,RMSprop,3,0.6156489204276692,81.21798520204895,501.78952956199646
