{
    "Apple_scab": {
        "precision": 0.9591836734693877,
        "recall": 0.373015873015873,
        "f1-score": 0.5371428571428571,
        "support": 126
    },
    "Bacterial_spot": {
        "precision": 0.9226713532513181,
        "recall": 0.9668508287292817,
        "f1-score": 0.9442446043165467,
        "support": 1086
    },
    "Black_rot": {
        "precision": 0.8137931034482758,
        "recall": 0.9806094182825484,
        "f1-score": 0.8894472361809046,
        "support": 361
    },
    "Cedar_apple_rust": {
        "precision": 0.8947368421052632,
        "recall": 0.6181818181818182,
        "f1-score": 0.7311827956989247,
        "support": 55
    },
    "Cercospora_leaf_spot Gray_leaf_spot": {
        "precision": 0.8505747126436781,
        "recall": 0.7184466019417476,
        "f1-score": 0.7789473684210527,
        "support": 103
    },
    "Common_rust": {
        "precision": 0.9830508474576272,
        "recall": 0.9707112970711297,
        "f1-score": 0.976842105263158,
        "support": 239
    },
    "Early_blight": {
        "precision": 0.8657718120805369,
        "recall": 0.9675,
        "f1-score": 0.9138134592680047,
        "support": 400
    },
    "Esca_(Black_Measles)": {
        "precision": 0.9783393501805054,
        "recall": 0.9783393501805054,
        "f1-score": 0.9783393501805054,
        "support": 277
    },
    "Haunglongbing_(Citrus_greening)": {
        "precision": 0.9803043867502238,
        "recall": 0.9936479128856625,
        "f1-score": 0.9869310500225327,
        "support": 1102
    },
    "Late_blight": {
        "precision": 0.8606431852986217,
        "recall": 0.9656357388316151,
        "f1-score": 0.9101214574898785,
        "support": 582
    },
    "Leaf_Mold": {
        "precision": 0.987012987012987,
        "recall": 0.39790575916230364,
        "f1-score": 0.5671641791044775,
        "support": 191
    },
    "Leaf_blight_(Isariopsis_Leaf_Spot)": {
        "precision": 0.9831932773109243,
        "recall": 0.5416666666666666,
        "f1-score": 0.698507462686567,
        "support": 216
    },
    "Leaf_scorch": {
        "precision": 0.9927536231884058,
        "recall": 0.6171171171171171,
        "f1-score": 0.7611111111111111,
        "support": 222
    },
    "Northern_Leaf_Blight": {
        "precision": 0.9025641025641026,
        "recall": 0.8934010152284264,
        "f1-score": 0.8979591836734695,
        "support": 197
    },
    "Powdery_mildew": {
        "precision": 0.9197431781701445,
        "recall": 0.9913494809688581,
        "f1-score": 0.9542048293089094,
        "support": 578
    },
    "Septoria_leaf_spot": {
        "precision": 0.8111888111888111,
        "recall": 0.9802816901408451,
        "f1-score": 0.8877551020408163,
        "support": 355
    },
    "Spider_mites Two-spotted_spider_mite": {
        "precision": 0.8489583333333334,
        "recall": 0.9702380952380952,
        "f1-score": 0.9055555555555556,
        "support": 336
    },
    "Target_Spot": {
        "precision": 0.9039735099337748,
        "recall": 0.9715302491103203,
        "f1-score": 0.9365351629502572,
        "support": 281
    },
    "Tomato_Yellow_Leaf_Curl_Virus": {
        "precision": 0.9733700642791552,
        "recall": 0.9888059701492538,
        "f1-score": 0.981027302174919,
        "support": 1072
    },
    "Tomato_mosaic_virus": {
        "precision": 1.0,
        "recall": 0.44,
        "f1-score": 0.6111111111111112,
        "support": 75
    },
    "healthy": {
        "precision": 0.9820598006644519,
        "recall": 0.9781601588352085,
        "f1-score": 0.980106100795756,
        "support": 3022
    },
    "accuracy": 0.9360978300845899,
    "macro avg": {
        "precision": 0.9244708073491206,
        "recall": 0.8239711924636799,
        "f1-score": 0.8489547325951101,
        "support": 10876
    },
    "weighted avg": {
        "precision": 0.9407041319143717,
        "recall": 0.9360978300845899,
        "f1-score": 0.9305358965979096,
        "support": 10876
    }
}