{"ConvNetPlus/batch_class_distribution":{"1":1,"13":2,"12":3,"7":1,"2":3,"0":2,"20":2,"14":1,"16":3,"8":2,"4":1,"3":2,"5":1,"10":1,"11":2,"9":1,"6":3,"15":3,"17":1,"18":1,"19":1},"TinyVGG/epoch_val_accuracy":0.9260757631482163,"EfficientNetV2/confusion_matrix":{"_type":"image-file","sha256":"7981346fea6068daf23ff88447118e0fd0cf56dd80de1711410d47c7651f2e65","size":1877113,"path":"media/images/EfficientNetV2/confusion_matrix_13263_7981346fea6068daf23f.png","format":"png","width":6855,"height":5831},"EfficientNetV2/epoch_val_loss":0.026977446367305084,"_wandb":{"runtime":13272},"ConvNetPlus/epoch_val_loss":2.5713477855484554,"BaselineModel/train_loss":0.5870218276977539,"_runtime":13272.460547524,"EfficientNetV2/epoch_train_accuracy":0.9991710608118998,"BaselineModel/batch_class_distribution":{"2":3,"5":1,"15":3,"7":1,"1":3,"10":3,"20":2,"11":1,"19":1,"9":2,"8":2,"12":1,"18":1,"4":1,"6":2,"16":2,"3":1,"13":5,"14":2,"0":1,"17":2},"ConvNetPlus/epoch_train_accuracy":0.1338506527896106,"ConvNetPlus/epoch_val_accuracy":0.30590290547995586,"TinyVGG/training_validation_metrics":{"height":2832,"_type":"image-file","sha256":"90e839087e2dbe96094a5f79c2f0935a6dd264aebb3a4e14d72b1c8d08d37d09","size":530980,"path":"media/images/TinyVGG/training_validation_metrics_10359_90e839087e2dbe96094a.png","format":"png","width":7334},"BaselineModel/epoch_train_loss":0.4367337746317029,"BaselineModel/learning_rate":1.0000000000000002e-07,"BaselineModel/epoch_val_loss":0.9609320595032943,"BaselineModel/training_validation_metrics":{"sha256":"cef2d0c81fbfd9c9719b2c761d710a9d393e738f34579329c78f0a004b5a77c7","size":688218,"path":"media/images/BaselineModel/training_validation_metrics_4555_cef2d0c81fbfd9c9719b.png","format":"png","width":7661,"height":2832,"_type":"image-file"},"TinyVGG/batch_class_distribution":{"16":1,"18":2,"8":2,"4":2,"14":1,"1":5,"17":1,"2":3,"6":3,"19":5,"12":3,"11":2,"5":2,"3":1,"7":2,"0":1,"13":1,"15":2,"9":3,"20":1,"10":3},"BaselineModel/epoch_val_accuracy":0.80397204854726,"ConvNetPlus/training_validation_metrics":{"path":"media/images/ConvNetPlus/training_validation_metrics_6905_795d4138b0fbf56940fb.png","format":"png","width":7597,"height":2832,"_type":"image-file","sha256":"795d4138b0fbf56940fb8ad626e4399f4b75ecf6cde2c0794887d956f82be8a5","size":735380},"EfficientNetV2/epoch_val_accuracy":0.995034939315925,"TinyVGG/total_training_time_minutes":30.772004040082297,"TinyVGG/confusion_matrix":{"sha256":"c93c043aad6ed3177f0d40e2f093fd0511330276d00b46de0744c8b05478c172","size":2008130,"path":"media/images/TinyVGG/confusion_matrix_10361_c93c043aad6ed3177f0d.png","format":"png","width":6855,"height":5831,"_type":"image-file"},"BaselineModel/epoch_train_accuracy":0.8564323378387713,"EfficientNetV2/batch_class_distribution":{"14":2,"4":1,"15":2,"20":1,"19":2,"6":2,"7":3,"18":3,"0":4,"16":1,"10":2,"3":2,"9":3,"13":1,"1":2,"2":3,"17":1,"12":3,"8":2,"11":2,"5":2},"ConvNetPlus/learning_rate":1e-05,"ConvNetPlus/confusion_matrix":{"format":"png","width":6781,"height":5831,"_type":"image-file","sha256":"11a394fc2892c3fe34cfbf72087d04f1e1928440d07fe8c014dd8db8474a9a2d","size":2284006,"path":"media/images/ConvNetPlus/confusion_matrix_6907_11a394fc2892c3fe34cf.png"},"ConvNetPlus/batch_train_accuracy":0.09375,"ConvNetPlus/classification_report":"                                      precision    recall  f1-score   support\n\n                          Apple_scab       0.00      0.00      0.00       126\n                      Bacterial_spot       0.27      0.27      0.27      1086\n                           Black_rot       0.14      0.60      0.23       361\n                    Cedar_apple_rust       0.00      0.00      0.00        55\n Cercospora_leaf_spot Gray_leaf_spot       0.08      0.01      0.02       103\n                         Common_rust       0.75      0.17      0.27       239\n                        Early_blight       0.08      0.19      0.12       400\n                Esca_(Black_Measles)       0.68      0.88      0.77       277\n     Haunglongbing_(Citrus_greening)       0.89      0.85      0.87      1102\n                         Late_blight       0.04      0.00      0.01       582\n                           Leaf_Mold       0.00      0.00      0.00       191\n  Leaf_blight_(Isariopsis_Leaf_Spot)       0.00      0.00      0.00       216\n                         Leaf_scorch       0.00      0.00      0.00       222\n                Northern_Leaf_Blight       0.00      0.00      0.00       197\n                      Powdery_mildew       0.30      0.85      0.44       578\n                  Septoria_leaf_spot       0.06      0.15      0.08       355\nSpider_mites Two-spotted_spider_mite       0.22      0.73      0.33       336\n                         Target_Spot       0.24      0.29      0.26       281\n       Tomato_Yellow_Leaf_Curl_Virus       0.44      0.60      0.50      1072\n                 Tomato_mosaic_virus       0.00      0.00      0.00        75\n                             healthy       0.11      0.00      0.00      3022\n\n                            accuracy                           0.31     10876\n                           macro avg       0.20      0.27      0.20     10876\n                        weighted avg       0.27      0.31      0.25     10876\n","ConvNetPlus/total_training_time_minutes":28.10825332800547,"ConvNetPlus/train_loss":2.5471420288085938,"BaselineModel/confusion_matrix":{"path":"media/images/BaselineModel/confusion_matrix_4557_a8e7f27e61009690431d.png","format":"png","width":6855,"height":5831,"_type":"image-file","sha256":"a8e7f27e61009690431d1e379652635872290b470b167bf57f78c4b272ade92b","size":2166359},"BaselineModel/total_training_time_minutes":40.62077395518621,"EfficientNetV2/batch_train_accuracy":1,"EfficientNetV2/learning_rate":1.0000000000000002e-07,"BaselineModel/batch_train_accuracy":0.71875,"EfficientNetV2/classification_report":"                                      precision    recall  f1-score   support\n\n                          Apple_scab       1.00      0.98      0.99       126\n                      Bacterial_spot       1.00      1.00      1.00      1086\n                           Black_rot       1.00      1.00      1.00       361\n                    Cedar_apple_rust       1.00      1.00      1.00        55\n Cercospora_leaf_spot Gray_leaf_spot       0.93      0.97      0.95       103\n                         Common_rust       0.99      1.00      0.99       239\n                        Early_blight       1.00      0.99      1.00       400\n                Esca_(Black_Measles)       1.00      1.00      1.00       277\n     Haunglongbing_(Citrus_greening)       1.00      1.00      1.00      1102\n                         Late_blight       0.99      0.98      0.99       582\n                           Leaf_Mold       1.00      0.91      0.95       191\n  Leaf_blight_(Isariopsis_Leaf_Spot)       1.00      0.99      1.00       216\n                         Leaf_scorch       0.96      1.00      0.98       222\n                Northern_Leaf_Blight       0.98      0.96      0.97       197\n                      Powdery_mildew       1.00      1.00      1.00       578\n                  Septoria_leaf_spot       0.97      1.00      0.99       355\nSpider_mites Two-spotted_spider_mite       0.98      1.00      0.99       336\n                         Target_Spot       0.99      1.00      0.99       281\n       Tomato_Yellow_Leaf_Curl_Virus       0.99      1.00      1.00      1072\n                 Tomato_mosaic_virus       1.00      0.92      0.96        75\n                             healthy       1.00      1.00      1.00      3022\n\n                            accuracy                           0.99     10876\n                           macro avg       0.99      0.99      0.99     10876\n                        weighted avg       0.99      0.99      0.99     10876\n","_timestamp":1.7295158127677643e+09,