{"TinyVGG/classification_report":{"_latest_artifact_path":"wandb-client-artifact://o575jp8hoiit95lgo400gk7cq7i1n20hyxjiqx9yfqui1swd1stbkaewkrdhiaqzxk2zf9l40xngytn6viqhn1zdutbb0x47zdhuajde3zewmmbwx1ztybjj3f5imaho:latest/TinyVGG/classification_report.table.json","path":"media/table/TinyVGG/classification_report_10360_b526322a858204f7528e.table.json","ncols":4,"nrows":24,"_type":"table-file","sha256":"b526322a858204f7528ec161d06f7218a2299731398ca09a6e5dcc723f0408eb","size":1673,"artifact_path":"wandb-client-artifact://ao3e4tdp5cbj9or338fzd0xahv5myg74jm2ig30638v4c38qgjzu196r6nnhf09jrz6idfp4g7os8acz5lx5iut87u10r1utrgpdya3xuex69pqt4i7jtcv5hnbvpycy/TinyVGG/classification_report.table.json"},"BaselineModel/train_loss":0.5870218276977539,"EfficientNetV2/epoch_train_accuracy":0.9991710608118998,"EfficientNetV2/training_validation_metrics":{"sha256":"9d3f660ec1d7ebf92bc9d0213a61c5edbee5ddec0ff6dd4cbb42b0dd822c1f44","size":606956,"path":"media/images/EfficientNetV2/training_validation_metrics_13261_9d3f660ec1d7ebf92bc9.png","format":"png","width":7663,"height":2832,"_type":"image-file"},"ConvNetPlus/epoch_train_accuracy":0.1338506527896106,"ConvNetPlus/batch_class_distribution":{"3":2,"18":1,"15":3,"4":1,"11":2,"19":1,"12":3,"17":1,"1":1,"14":1,"20":2,"10":1,"8":2,"0":2,"16":3,"13":2,"2":3,"9":1,"5":1,"7":1,"6":3},"ConvNetPlus/confusion_matrix":{"width":8371,"height":7032,"_type":"image-file","sha256":"fdec09ca147ea8814ba7858c3643505fe9ce97f36f7ac06723acbfbfe3f6e3b5","size":2495597,"path":"media/images/ConvNetPlus/confusion_matrix_6907_fdec09ca147ea8814ba7.png","format":"png"},"_wandb":{"runtime":13633},"BaselineModel/epoch_val_loss":0.9609320595032943,"BaselineModel/training_validation_metrics":{"path":"media/images/BaselineModel/training_validation_metrics_4555_cef2d0c81fbfd9c9719b.png","format":"png","width":7661,"height":2832,"_type":"image-file","sha256":"cef2d0c81fbfd9c9719b2c761d710a9d393e738f34579329c78f0a004b5a77c7","size":688218},"TinyVGG/epoch_val_accuracy":0.9260757631482163,"ConvNetPlus/learning_rate":1e-05,"TinyVGG/batch_class_distribution":{"5":2,"7":2,"12":3,"20":1,"13":1,"10":3,"18":2,"14":1,"19":5,"3":1,"4":2,"2":3,"11":2,"0":1,"8":2,"9":3,"16":1,"15":2,"1":5,"17":1,"6":3},"TinyVGG/training_validation_metrics":{"height":2832,"_type":"image-file","sha256":"90e839087e2dbe96094a5f79c2f0935a6dd264aebb3a4e14d72b1c8d08d37d09","size":530980,"path":"media/images/TinyVGG/training_validation_metrics_10359_90e839087e2dbe96094a.png","format":"png","width":7334},"TinyVGG/train_loss":0.10668416321277618,"EfficientNetV2/learning_rate":1.0000000000000002e-07,"TinyVGG/epoch_train_loss":0.06608392588051215,"ConvNetPlus/batch_train_accuracy":0.09375,"_runtime":13632.74763379,"BaselineModel/classification_report":{"size":1726,"artifact_path":"wandb-client-artifact://msslpvfwigrxnfngpq5gbdz7xd195meq0erndddj86yinf5acd8vd4dakzp0j0ntw7fgp3em33kg5hkotk09crwcnb0lz9gdd6fzdmumlcdnh933vbmgnjwa3qztcrnu/BaselineModel/classification_report.table.json","_latest_artifact_path":"wandb-client-artifact://yr8qod2n03t89gsf4r4q8bgmnjq1qnpurkcdykivz7o2nzk0cwr1nak7zwshbp8wtepweqieotheorj4e74kl443k9dg5sm2g1nd8d07h3jyh4vvdaapr9h9ozkk88bm:latest/BaselineModel/classification_report.table.json","path":"media/table/BaselineModel/classification_report_4556_7eafce400f78d1303f1d.table.json","ncols":4,"nrows":24,"_type":"table-file","sha256":"7eafce400f78d1303f1d61cc10ac5663075d26748e8bcf0556a118334722b03f"},"EfficientNetV2/train_loss":0.003278028219938278,"BaselineModel/learning_rate":1.0000000000000002e-07,"_step":13263,"BaselineModel/confusion_matrix":{"_type":"image-file","sha256":"8751af5c8c85dc0b02f0812f1f77a297c6f6a224d418c0a4ab91f42a592c6091","size":2352872,"path":"media/images/BaselineModel/confusion_matrix_4557_8751af5c8c85dc0b02f0.png","format":"png","width":8445,"height":7032},"ConvNetPlus/total_training_time_minutes":29.427585061391195,"TinyVGG/learning_rate":1.0000000000000002e-06,"ConvNetPlus/epoch_val_loss":2.5713477855484554,"EfficientNetV2/batch_class_distribution":{"5":2,"9":3,"2":3,"19":2,"6":2,"3":2,"17":1,"1":2,"16":1,"4":1,"20":1,"12":3,"0":4,"18":3,"13":1,"14":2,"8":2,"10":2,"15":2,"7":3,"11":2},"BaselineModel/batch_train_accuracy":0.71875,"BaselineModel/epoch_val_accuracy":0.80397204854726,"TinyVGG/batch_train_accuracy":0.96875,"_timestamp":1.7295705493144536e+09,"EfficientNetV2/classification_report":{"size":1392,"artifact_path":"wandb-client-artifact://90ue2req2vawwurcx9m512knr7gh2t167dh9x11zfgnzvslwb4d4gipskcqaatmfgo4o4qx1ylw2r5sn781t58fmn4m8eq7luiy6hlrbqqc6e1ejpgt9yzp2gwuvldec/EfficientNetV2/classification_report.table.json","_latest_artifact_path":"wandb-client-artifact://0f8615an0mnoo5fud45kuu3dzb7sktihcouzb6rr9fdp2nw651gs0atxfo0q5igbhxcdnx3kr5rrl1mgzrvxzcbnsw3tbn25rp67sjk03mf7ny7y7p875e8aqafg1aqy:latest/EfficientNetV2/classification_report.table.json","path":"media/table/EfficientNetV2/classification_report_13262_b854c2abf82740695892.table.json","ncols":4,"nrows":24,"_type":"table-file","sha256":"b854c2abf82740695892316cdb3eca0ecad6686375486e1870ae84989ad9262b"},"BaselineModel/total_training_time_minutes":41.63369183540344,"TinyVGG/epoch_val_loss":0.36627633618098404,"BaselineModel/epoch_train_loss":0.4367337746317029,"TinyVGG/epoch_train_accuracy":0.9775956158327385,"EfficientNetV2/confusion_matrix":{"format":"png","width":8445,"height":7032,"_type":"image-file","sha256":"4ca631e4407ddd03b5b9bd9fd6adb7f21740969e7d78570afe6fd837240811d9","size":2051667,"path":"media/images/EfficientNetV2/confusion_matrix_13263_4ca631e4407ddd03b5b9.png"},"BaselineModel/epoch_train_accuracy":0.8564323378387713,"ConvNetPlus/epoch_val_accuracy":0.30590290547995586,"EfficientNetV2/epoch_train_loss":0.0023119712057575862,"EfficientNetV2/total_training_time_minutes":106.80108364025752,"ConvNetPlus/classification_report":{"_latest_artifact_path":"wandb-client-artifact://o5e8phdwmm6hiynut892q28k9unyhb914mln1tdmuua31t9fm7px0ax1yjblc1dd1dgr6rvriw5nrlx0kwxvosu61zlw9a7ir3q719zhkksjlqls0cijww7sm9rjdlig:latest/ConvNetPlus/classification_report.table.json","path":"media/table/ConvNetPlus/classification_report_6906_e70eb30982417cbf2c8b.table.json","ncols":4,"nrows":24,"_type":"table-file","sha256":"e70eb30982417cbf2c8b3a8e306360a180e774b6fb40647f2d8e567c37c5366b","size":1451,"artifact_path":"wandb-client-artifact://abnm4p3isz48v5owgrns8qr986k70hri4urghaclsf1nxnpgdmhrasjq1ldeurc803w5hl3y14yfnlnvmpxlcahs7rel2ykumh3l5jws44t3vfhxoxtb8abqt3s3929l/ConvNetPlus/classification_report.table.json"},"EfficientNetV2/batch_train_accuracy":1,"BaselineModel/batch_class_distribution":{"2":3,"4":1,"14":2,"20":2,"17":2,"3":1,"9":2,"13":5,"1":3,"10":3,"19":1,"15":3,"6":2,"7":1,"0":1,"16":2,"11":1,"8":2,"12":1,"5":1,"18":1},"TinyVGG/confusion_matrix":{"width":8445,"height":7032,"_type":"image-file","sha256":"8b5850a28af49a80cdc0e802e7b523d1c1eba81258a5639e9ce9bc47f448b95e","size":2190045,"path":"media/images/TinyVGG/confusion_matrix_10361_8b5850a28af49a80cdc0.png","format":"png"},"ConvNetPlus/training_validation_metrics":{"height":2832,"_type":"image-file","sha256":"795d4138b0fbf56940fb8ad626e4399f4b75ecf6cde2c0794887d956f82be8a5","size":735380,"path":"media/images/ConvNetPlus/training_validation_metrics_6905_795d4138b0fbf56940fb.png","format":"png","width":7597},"ConvNetPlus/train_loss":2.5471420288085938,"EfficientNetV2/epoch_val_accuracy":0.995034939315925,"ConvNetPlus/epoch_train_loss":2.4996868794873888,"TinyVGG/total_training_time_minutes":39.2475245475769,"EfficientNetV2/epoch_val_loss":0.026977446367305084}