{"DataParallel/learning_rate":1.0000000000000002e-06,"_wandb":{"runtime":7643},"_step":4005,"total_training_time_minutes":126.55155282815298,"ViT/classification_report":{"sha256":"244ab8cec890a052d424bac553e17512099b07f9286b25cafccbff085f95e131","size":1698,"artifact_path":"wandb-client-artifact://ad2tunqmji1ghm4kv95sk8am0uzp54z0ksx0z6801erkiplwzp1zgyzu4mu5tl6z4mjd26hlltkjw2wsgkjqrtabq0ts5a3m8ic8cmgsauddey6rfwvi51jj0dfsxi24/ViT/classification_report.table.json","_latest_artifact_path":"wandb-client-artifact://s1dwn6o1rfy9htu6373x8sqolpus4tt8ao5gttmr03yaikdirld0zlxq4jw511qyoewlf4kpsudh2x7n34se1kchqp64b1tf3yo8y6p0keg5x6q5let5xtqzujrpwh1t:latest/ViT/classification_report.table.json","path":"media/table/ViT/classification_report_4004_244ab8cec890a052d424.table.json","ncols":4,"nrows":24,"_type":"table-file"},"ViT/training_validation_metrics":{"sha256":"621ab6c1e79766222f15af13fc8050d40774ce0642c76633ead11d55d8355508","size":570370,"path":"media/images/ViT/training_validation_metrics_4003_621ab6c1e79766222f15.png","format":"png","width":7170,"height":2832,"_type":"image-file"},"ViT/epoch_train_accuracy":0.9787238941720969,"_runtime":7643.126675231,"ViT/train_loss":0.05249537527561188,"ViT/confusion_matrix":{"sha256":"faf94ad47e2da33b57beba5dba384ef3974361101ba0594148761fb97d0cf83a","size":2168979,"path":"media/images/ViT/confusion_matrix_4005_faf94ad47e2da33b57be.png","format":"png","width":8445,"height":7032,"_type":"image-file"},"ViT/batch_class_distribution":{"20":1,"8":2,"6":1,"4":4,"19":2,"11":1,"0":1,"15":1,"1":1,"10":1,"7":1,"17":3,"14":3,"3":2,"13":2,"9":1,"12":1,"5":3,"16":2,"2":2,"18":3},"ViT/epoch_val_accuracy":0.9381206325855094,"_timestamp":1.729564538813802e+09,"ViT/epoch_train_loss":0.059380247746739535,"ViT/batch_train_accuracy":0.96875,"ViT/epoch_val_loss":0.22445148586932812}